{
  "accountAssociation": {
    "header": "eyJmaWQiOjI1MDcwNCwidHlwZSI6ImN1c3RvZHkiLCJrZXkiOiIweDE1MzY1NzE0NWVBMmQ1Nzk2OTFhMTQ2YzdFYTRDRkFFMzdEMjdGYWUifQ",
    "payload": "eyJkb21haW4iOiJmYXJjYXN0ZXItdHJhbnNhY3Rpb24tYmF0dGxlLnZlcmNlbC5hcHAifQ",
    "signature": "MHgzYTQyYTU4YjcwY2U0ZmI3NWRjNTJiNzUzNGM3YWZmNjkxNzBhOTI0MjQ5ZDk0ZWM1ZjhmY2ZmMTY1ZTBmYWUzMjhjODI0MTRjYmM5NDlmZWZhODMzYWFkMjZjZGVmODc1YTU2NWU3YzgzODUzYWUzMGJkYjA2MzcxMTRjMzMxNzFi"
  },
  "version": "1",
  "name": "TX Battle Royale",
  "homeUrl": "https://farcaster-transaction-battle.vercel.app",
  "iconUrl": "https://farcaster-transaction-battle.vercel.app/icon.png",
  "description": "Predict Bitcoin block TX count and battle with friends",
  "buttonTitle": "🚀 Play Now",
  "splashBackgroundColor": "#1a1a1a",
  "primaryCategory": "social"
}
